H_kA_per_m,B_Tesla,Segment
0.0,0.0,Virgin
5.01002004008016,0.015530542366014102,Virgin
10.02004008016032,0.031057966683509963,Virgin
15.030060120240481,0.04657915740749429,Virgin
20.04008016032064,0.06209100399575335,Virgin
25.050100200400802,0.07759040339957964,Virgin
30.060120240480963,0.09307426254173744,Virgin
35.07014028056112,0.108539500777472,Virgin
40.08016032064128,0.1239830523344161,Virgin
45.09018036072145,0.13940186872730895,Virgin
50.100200400801604,0.1547929211435161,Virgin
55.11022044088176,0.1701532027954227,Virgin
60.120240480961925,0.18547973123586844,Virgin
65.13026052104209,0.20076955063289764,Virgin
70.14028056112224,0.21601973400021474,Virgin
75.1503006012024,0.23122738537986134,Virgin
80.16032064128257,0.24638964197376367,Virgin
85.17034068136273,0.26150367622094545,Virgin
90.1803607214429,0.27656669781734927,Virgin
95.19038076152304,0.29157595567537026,Virgin
100.20040080160321,0.3065287398203692,Virgin
105.21042084168337,0.32142238322160266,Virgin
110.22044088176352,0.3362542635551859,Virgin
115.23046092184369,0.351021804896882,Virgin
120.24048096192385,0.36572247934269714,Virgin
125.25050100200401,0.3803538085554474,Virgin
130.26052104208418,0.3949133652356547,Virgin
135.27054108216433,0.4093987745153167,Virgin
140.28056112224448,0.4238077152732946,Virgin
145.29058116232466,0.4381379213712447,Virgin
150.3006012024048,0.45238718280922513,Virgin
155.31062124248498,0.4665533468002869,Virgin
160.32064128256513,0.48063431876355706,Virgin
165.33066132264528,0.49462806323550396,Virgin
170.34068136272546,0.5085326046992588,Virgin
175.3507014028056,0.5223460283320498,Virgin
180.3607214428858,0.5360664806709802,Virgin
185.37074148296594,0.5496921701975501,Virgin
190.3807615230461,0.5632213678414961,Virgin
195.39078156312627,0.5766524074046736,Virgin
200.40080160320642,0.5899836859058694,Virgin
205.41082164328657,0.6032136638475791,Virgin
210.42084168336675,0.6163408654059223,Virgin
215.4308617234469,0.6293638785450062,Virgin
220.44088176352705,0.6422813550571808,Virgin
225.45090180360722,0.655092010530737,Virgin
230.46092184368737,0.6677946242467271,Virgin
235.47094188376755,0.680388039006679,Virgin
240.4809619238477,0.6928711608930823,Virgin
245.49098196392785,0.7052429589646085,Virgin
250.50100200400803,0.7175024648881116,Virgin
255.51102204408818,0.7296487725095263,Virgin
260.52104208416836,0.741681037365852,Virgin
265.5310621242485,0.7535984761404622,Virgin
270.54108216432866,0.7654003660640333,Virgin
275.55110220440883,0.7770860442634284,Virgin
280.56112224448896,0.7886549070609054,Virgin
285.57114228456913,0.8001064092260484,Virgin
290.5811623246493,0.81144006318284,Virgin
295.5911823647295,0.822655438174308,Virgin
300.6012024048096,0.8337521593871826,Virgin
305.6112224448898,0.8447299070390073,Virgin
310.62124248496997,0.8555884154301349,Virgin
315.6312625250501,0.8663274719630304,Virgin
320.64128256513027,0.8769469161312883,Virgin
325.65130260521045,0.8874466384807425,Virgin
330.66132264529057,0.8978265795450254,Virgin
335.67134268537075,0.9080867287579005,Virgin
340.6813627254509,0.918227123344647,Virgin
345.69138276553105,0.9282478471947462,Virgin
350.7014028056112,0.9381490297180671,Virgin
355.7114228456914,0.9479308446866989,Virgin
360.7214428857716,0.9575935090645332,Virgin
365.7314629258517,0.9671372818266379,Virgin
370.7414829659319,0.9765624627704091,Virgin
375.75150300601206,0.9858693913204308,Virgin
380.7615230460922,0.9950584453289049,Virgin
385.77154308617236,1.0041300398734585,Virgin
390.78156312625254,1.0130846260540607,Virgin
395.79158316633266,1.021922689790724,Virgin
400.80160320641284,1.0306447506235945,Virgin
405.811623246493,1.0392513605169642,Virgin
410.82164328657313,1.047743102668678,Virgin
415.8316633266533,1.0561205903263313,Virgin
420.8416833667335,1.0643844656115922,Virgin
425.8517034068136,1.0725353983539052,Virgin
430.8617234468938,1.080574084934778,Virgin
435.87174348697397,1.0885012471437705,Virgin
440.8817635270541,1.0963176310472476,Virgin
445.89178356713427,1.1040240058708908,Virgin
450.90180360721445,1.1116211628968893,Virgin
455.9118236472946,1.1191099143766823,Virgin
460.92184368737475,1.1264910924600422,Virgin
465.9318637274549,1.1337655481412443,Virgin
470.9418837675351,1.1409341502229973,Virgin
475.9519038076152,1.1479977842987492,Virgin
480.9619238476954,1.1549573517539387,Virgin
485.9719438877756,1.1618137687866847,Virgin
490.9819639278557,1.1685679654483765,Virgin
495.9919839679359,1.1752208847045542,Virgin
501.00200400801606,1.1817734815164331,Virgin
506.0120240480962,1.188226721943367,Virgin
511.02204408817636,1.1945815822665056,Virgin
516.0320641282565,1.2008390481338487,Virgin
521.0420841683367,1.2070001137268676,Virgin
526.0521042084168,1.2130657809488081,Virgin
531.062124248497,1.2190370586347632,Virgin
536.0721442885772,1.2249149617835575,Virgin
541.0821643286573,1.2307005108114568,Virgin
546.0921843687374,1.2363947308276708,Virgin
551.1022044088177,1.2419986509316006,Virgin
556.1122244488978,1.2475133035317347,Virgin
561.1222444889779,1.2529397236860869,Virgin
566.1322645290581,1.2582789484640249,Virgin
571.1422845691383,1.263532016329326,Virgin
576.1523046092185,1.2686999665442666,Virgin
581.1623246492986,1.2737838385945335,Virgin
586.1723446893787,1.2787846716347193,Virgin
591.182364729459,1.2837035039541538,Virgin
596.1923847695391,1.2885413724627957,Virgin
601.2024048096192,1.2932993121969023,Virgin
606.2124248496995,1.2979783558441744,Virgin
611.2224448897796,1.3025795332880623,Virgin
616.2324649298597,1.3071038711709058,Virgin
621.2424849699399,1.311552392475573,Virgin
626.2525050100201,1.3159261161252496,Virgin
631.2625250501002,1.3202260566010253,Virgin
636.2725450901804,1.3244532235769129,Virgin
641.2825651302605,1.328608621571932,Virgin
646.2925851703407,1.332693249618885,Virgin
651.3026052104209,1.336708100949446,Virgin
656.312625250501,1.340654162695177,Virgin
661.3226452905811,1.3445324156040948,Virgin
666.3326653306614,1.3483438337723954,Virgin
671.3426853707415,1.3520893843909487,Virgin
676.3527054108216,1.3557700275061817,Virgin
681.3627254509018,1.3593867157949548,Virgin
686.372745490982,1.3629403943530503,Virgin
691.3827655310621,1.366432000496885,Virgin
696.3927855711423,1.3698624635780663,Virgin
701.4028056112224,1.3732327048104056,Virgin
706.4128256513026,1.3765436371090214,Virgin
711.4228456913828,1.3797961649411477,Virgin
716.4328657314629,1.3829911841882836,Virgin
721.4428857715432,1.3861295820193194,Virgin
726.4529058116233,1.3892122367742696,Virgin
731.4629258517034,1.3922400178582701,Virgin
736.4729458917836,1.3952137856454732,Virgin
741.4829659318638,1.3981343913925086,Virgin
746.4929859719439,1.4010026771611592,Virgin
751.5030060120241,1.4038194757499263,Virgin
756.5130260521042,1.4065856106341492,Virgin
761.5230460921844,1.409301895914364,Virgin
766.5330661322646,1.4119691362725793,Virgin
771.5430861723447,1.4145881269361669,Virgin
776.5531062124248,1.417159653649058,Virgin
781.5631262525051,1.4196844926499563,Virgin
786.5731462925852,1.4221634106572725,Virgin
791.5831663326653,1.424597164860503,Virgin
796.5931863727455,1.4269865029177746,Virgin
801.6032064128257,1.4293321629592866,Virgin
806.6132264529058,1.4316348735963909,Virgin
811.623246492986,1.4338953539360515,Virgin
816.6332665330661,1.4361143136004386,Virgin
821.6432865731463,1.4382924527514127,Virgin
826.6533066132265,1.4404304621196677,Virgin
831.6633266533066,1.4425290230383006,Virgin
836.6733466933867,1.444588807480589,Virgin
841.683366733467,1.4466104781017632,Virgin
846.6933867735471,1.4485946882845582,Virgin
851.7034068136272,1.4505420821883506,Virgin
856.7134268537075,1.4524532948016804,Virgin
861.7234468937876,1.4543289519979692,Virgin
866.7334669338677,1.4561696705942517,Virgin
871.7434869739479,1.457976058412742,Virgin
876.7535070140281,1.4597487143450651,Virgin
881.7635270541082,1.461488228418986,Virgin
886.7735470941884,1.463195181867477,Virgin
891.7835671342685,1.46487014719997,Virgin
896.7935871743488,1.466513688275642,Virgin
901.8036072144289,1.468126360378593,Virgin
906.813627254509,1.4697087102947786,Virgin
911.8236472945893,1.4712612763905595,Virgin
916.8336673346694,1.4727845886927446,Virgin
921.8436873747495,1.4742791689700023,Virgin
926.8537074148297,1.475745530815521,Virgin
931.8637274549098,1.4771841797308063,Virgin
936.87374749499,1.4785956132105051,Virgin
941.8837675350702,1.4799803208281508,Virgin
946.8937875751503,1.481338784322729,Virgin
951.9038076152304,1.4826714776859697,Virgin
956.9138276553107,1.483978867250271,Virgin
961.9238476953908,1.485261411777165,Virgin
966.9338677354709,1.4865195625462464,Virgin
971.9438877755512,1.487753763444476,Virgin
976.9539078156313,1.488964451055788,Virgin
981.9639278557114,1.4901520547509224,Virgin
986.9739478957916,1.4913169967774176,Virgin
991.9839679358718,1.4924596923496891,Virgin
996.9939879759519,1.4935805497391375,Virgin
1002.0040080160321,1.4946799703642204,Virgin
1007.0140280561122,1.4957583488804322,Virgin
1012.0240480961924,1.4968160732701365,Virgin
1017.0340681362726,1.4978535249321985,Virgin
1022.0440881763527,1.4988710787713695,Virgin
1027.054108216433,1.4998691032873743,Virgin
1032.064128256513,1.5008479606636607,Virgin
1037.0741482965932,1.5018080068557638,Virgin
1042.0841683366734,1.5027495916792517,Virgin
1047.0941883767534,1.5036730588972116,Virgin
1052.1042084168337,1.5045787463072404,Virgin
1057.114228456914,1.5054669858279108,Virgin
1062.124248496994,1.5063381035846768,Virgin
1067.1342685370741,1.5071924199951954,Virgin
1072.1442885771544,1.5080302498540294,Virgin
1077.1543086172344,1.5088519024167157,Virgin
1082.1643286573146,1.5096576814831655,Virgin
1087.1743486973949,1.5104478854803822,Virgin
1092.1843687374749,1.5112228075444718,Virgin
1097.194388777555,1.5119827356019282,Virgin
1102.2044088176353,1.5127279524501773,Virgin
1107.2144288577153,1.5134587358373615,Virgin
1112.2244488977956,1.514175358541351,Virgin
1117.2344689378758,1.5148780884479705,Virgin
1122.2444889779558,1.515567188628422,Virgin
1127.254509018036,1.516242917415905,Virgin
1132.2645290581163,1.5169055284814088,Virgin
1137.2745490981965,1.5175552709086828,Virgin
1142.2845691382765,1.5181923892683666,Virgin
1147.2945891783568,1.518817123691277,Virgin
1152.304609218437,1.5194297099408478,Virgin
1157.314629258517,1.5200303794847125,Virgin
1162.3246492985973,1.5206193595654307,Virgin
1167.3346693386775,1.5211968732703522,Virgin
1172.3446893787575,1.5217631396006164,Virgin
1177.3547094188377,1.522318373539286,Virgin
1182.364729458918,1.5228627861186128,Virgin
1187.374749498998,1.523396584486437,Virgin
1192.3847695390782,1.5239199719717165,Virgin
1197.3947895791584,1.5244331481491928,Virgin
1202.4048096192384,1.5249363089031878,Virgin
1207.4148296593187,1.5254296464905395,Virgin
1212.424849699399,1.5259133496026742,Virgin
1217.434869739479,1.526387603426823,Virgin
1222.4448897795592,1.526852589706379,Virgin
1227.4549098196394,1.527308486800408,Virgin
1232.4649298597194,1.5277554697423072,Virgin
1237.4749498997996,1.5281937102976229,Virgin
1242.4849699398799,1.5286233770210305,Virgin
1247.4949899799599,1.5290446353124807,Virgin
1252.5050100200401,1.529457647472519,Virgin
1257.5150300601204,1.5298625727567816,Virgin
1262.5250501002004,1.5302595674296788,Virgin
1267.5350701402806,1.5306487848172656,Virgin
1272.5450901803608,1.531030375359311,Virgin
1277.5551102204408,1.5314044866605727,Virgin
1282.565130260521,1.5317712635412781,Virgin
1287.5751503006013,1.5321308480868292,Virgin
1292.5851703406813,1.532483379696727,Virgin
1297.5951903807616,1.5328289951327316,Virgin
1302.6052104208418,1.5331678285662629,Virgin
1307.6152304609218,1.533500011625048,Virgin
1312.625250501002,1.5338256734390228,Virgin
1317.6352705410823,1.5341449406855021,Virgin
1322.6452905811623,1.5344579376336167,Virgin
1327.6553106212425,1.5347647861880322,Virgin
1332.6653306613227,1.5350656059319563,Virgin
1337.6753507014027,1.535360514169442,Virgin
1342.685370741483,1.535649625966995,Virgin
1347.6953907815632,1.5359330541944944,Virgin
1352.7054108216432,1.5362109095654355,Virgin
1357.7154308617235,1.5364833006765006,Virgin
1362.7254509018037,1.5367503340464697,Virgin
1367.7354709418837,1.5370121141544772,Virgin
1372.745490981964,1.537268743477623,Virgin
1377.7555110220442,1.537520322527949,Virgin
1382.7655310621242,1.5377669498887852,Virgin
1387.7755511022044,1.5380087222504788,Virgin
1392.7855711422847,1.5382457344455103,Virgin
1397.7955911823647,1.5384780794830066,Virgin
1402.805611222445,1.5387058485826628,Virgin
1407.8156312625251,1.538929131208074,Virgin
1412.8256513026051,1.539148015099492,Virgin
1417.8356713426854,1.5393625863060119,Virgin
1422.8456913827656,1.5395729292171967,Virgin
1427.8557114228456,1.5397791265941505,Virgin
1432.8657314629259,1.5399812596000457,Virgin
1437.875751503006,1.540179407830113,Virgin
1442.8857715430863,1.5403736493411035,Virgin
1447.8957915831663,1.5405640606802293,Virgin
1452.9058116232466,1.5407507169135923,Virgin
1457.9158316633268,1.5409336916541052,Virgin
1462.9258517034068,1.5411130570889187,Virgin
1467.935871743487,1.5412888840063554,Virgin
1472.9458917835673,1.5414612418223652,Virgin
1477.9559118236473,1.5416301986065026,Virgin
1482.9659318637275,1.5417958211074407,Virgin
1487.9759519038078,1.541958174778021,Virgin
1492.9859719438878,1.5421173237998567,Virgin
1497.995991983968,1.5422733311074848,Virgin
1503.0060120240482,1.542426258412085,Virgin
1508.0160320641282,1.542576166224766,Virgin
1513.0260521042085,1.5427231138794273,Virgin
1518.0360721442887,1.5428671595552061,Virgin
1523.0460921843687,1.5430083602985123,Virgin
1528.056112224449,1.543146772044661,Virgin
1533.0661322645292,1.5432824496391093,Virgin
1538.0761523046092,1.5434154468583021,Virgin
1543.0861723446894,1.5435458164301348,Virgin
1548.0961923847697,1.5436736100540385,Virgin
1553.1062124248497,1.5437988784206966,Virgin
1558.11623246493,1.5439216712313948,Virgin
1563.1262525050101,1.5440420372170134,Virgin
1568.1362725450902,1.544160024156669,Virgin
1573.1462925851704,1.5442756788960084,Virgin
1578.1563126252506,1.5443890473651636,Virgin
1583.1663326653306,1.5445001745963722,Virgin
1588.1763527054109,1.5446091047412693,Virgin
1593.186372745491,1.5447158810878567,Virgin
1598.196392785571,1.5448205460771554,Virgin
1603.2064128256513,1.5449231413195457,Virgin
1608.2164328657316,1.5450237076108022,Virgin
1613.2264529058116,1.5451222849478268,Virgin
1618.2364729458918,1.5452189125440874,Virgin
1623.246492985972,1.545313628844766,Virgin
1628.256513026052,1.545406471541621,Virgin
1633.2665330661323,1.54549747758757,Virgin
1638.2765531062125,1.5455866832109988,Virgin
1643.2865731462925,1.545674123929797,Virgin
1648.2965931863728,1.5457598345651318,Virgin
1653.306613226453,1.5458438492549582,Virgin
1658.316633266533,1.545926201467276,Virgin
1663.3266533066133,1.5460069240131342,Virgin
1668.3366733466935,1.5460860490593868,Virgin
1673.3466933867735,1.5461636081412102,Virgin
1678.3567134268537,1.5462396321743794,Virgin
1683.366733466934,1.5463141514673127,Virgin
1688.376753507014,1.5463871957328839,Virgin
1693.3867735470942,1.5464587941000147,Virgin
1698.3967935871744,1.5465289751250404,Virgin
1703.4068136272545,1.5465977668028614,Virgin
1708.4168336673347,1.5466651965778822,Virgin
1713.426853707415,1.5467312913547384,Virgin
1718.436873747495,1.5467960775088228,Virgin
1723.4468937875752,1.546859580896605,Virgin
1728.4569138276554,1.5469218268657572,Virgin
1733.4669338677354,1.5469828402650825,Virgin
1738.4769539078156,1.5470426454542565,Virgin
1743.4869739478959,1.5471012663133783,Virgin
1748.4969939879759,1.5471587262523394,Virgin
1753.5070140280561,1.547215048220013,Virgin
1758.5170340681364,1.5472702547132653,Virgin
1763.5270541082164,1.5473243677857937,Virgin
1768.5370741482966,1.5473774090567953,Virgin
1773.5470941883768,1.5474293997194681,Virgin
1778.557114228457,1.5474803605493468,Virgin
1783.567134268537,1.5475303119124804,Virgin
1788.5771543086173,1.5475792737734488,Virgin
1793.5871743486975,1.5476272657032275,Virgin
1798.5971943887776,1.5476743068868977,Virgin
1803.6072144288578,1.5477204161312088,Virgin
1808.617234468938,1.547765611871995,Virgin
1813.627254509018,1.5478099121814453,Virgin
1818.6372745490983,1.5478533347752368,Virgin
1823.6472945891785,1.5478958970195271,Virgin
1828.6573146292585,1.5479376159378115,Virgin
1833.6673346693387,1.5479785082176476,Virgin
1838.677354709419,1.5480185902172492,Virgin
1843.687374749499,1.548057877971952,Virgin
1848.6973947895792,1.5480963872005544,Virgin
1853.7074148296595,1.5481341333115344,Virgin
1858.7174348697395,1.5481711314091446,Virgin
1863.7274549098197,1.5482073962993919,Virgin
1868.7374749499,1.5482429424958968,Virgin
1873.74749498998,1.548277784225642,Virgin
1878.7575150300602,1.5483119354346075,Virgin
1883.7675350701404,1.5483454097932952,Virgin
1888.7775551102204,1.548378220702147,Virgin
1893.7875751503007,1.5484103812968582,Virgin
1898.797595190381,1.5484419044535849,Virgin
1903.807615230461,1.548472802794051,Virgin
1908.8176352705411,1.5485030886905566,Virgin
1913.8276553106214,1.5485327742708859,Virgin
1918.8376753507014,1.5485618714231224,Virgin
1923.8476953907816,1.5485903918003685,Virgin
1928.8577154308618,1.5486183468253711,Virgin
1933.8677354709419,1.5486457476950615,Virgin
1938.877755511022,1.5486726053850015,Virgin
1943.8877755511023,1.548698930653745,Virgin
1948.8977955911823,1.548724734047115,Virgin
1953.9078156312626,1.5487500259023952,Virgin
1958.9178356713428,1.5487748163524395,Virgin
1963.9278557114228,1.5487991153297034,Virgin
1968.937875751503,1.5488229325701937,Virgin
1973.9478957915833,1.5488462776173413,Virgin
1978.9579158316633,1.548869159825801,Virgin
1983.9679358717435,1.5488915883651726,Virgin
1988.9779559118238,1.5489135722236507,Virgin
1993.9879759519038,1.5489351202116055,Virgin
1998.997995991984,1.5489562409650892,Virgin
2004.0080160320642,1.5489769429492757,Virgin
2009.0180360721442,1.5489972344618332,Virgin
2014.0280561122245,1.5490171236362305,Virgin
2019.0380761523047,1.5490366184449758,Virgin
2024.0480961923847,1.5490557267027967,Virgin
2029.058116232465,1.5490744560697527,Virgin
2034.0681362725452,1.5490928140542912,Virgin
2039.0781563126252,1.549110808016239,Virgin
2044.0881763527054,1.5491284451697387,Virgin
2049.0981963927857,1.549145732586125,Virgin
2054.108216432866,1.549162677196746,Virgin
2059.118236472946,1.5491792857957276,Virgin
2064.128256513026,1.549195565042685,Virgin
2069.138276553106,1.5492115214653794,Virgin
2074.1482965931864,1.5492271614623245,Virgin
2079.1583166332666,1.5492424913053384,Virgin
2084.168336673347,1.5492575171420493,Virgin
2089.178356713427,1.549272244998348,Virgin
2094.188376753507,1.549286680780796,Virgin
2099.198396793587,1.549300830278982,Virgin
2104.2084168336673,1.5493146991678355,Virgin
2109.2184368737476,1.5493282930098942,Virgin
2114.228456913828,1.5493416172575234,Virgin
2119.238476953908,1.549354677255097,Virgin
2124.248496993988,1.549367478241131,Virgin
2129.258517034068,1.5493800253503787,Virgin
2134.2685370741483,1.54939232361588,Virgin
2139.2785571142285,1.5494043779709754,Virgin
2144.2885771543088,1.5494161932512767,Virgin
2149.298597194389,1.5494277741966003,Virgin
2154.308617234469,1.549439125452862,Virgin
2159.318637274549,1.5494502515739352,Virgin
2164.3286573146293,1.5494611570234704,Virgin
2169.3386773547095,1.5494718461766812,Virgin
2174.3486973947897,1.5494823233220942,Virgin
2179.35871743487,1.549492592663264,Virgin
2184.3687374749497,1.5495026583204534,Virgin
2189.37875751503,1.549512524332284,Virgin
2194.38877755511,1.5495221946573499,Virgin
2199.3987975951904,1.5495316731758024,Virgin
2204.4088176352707,1.5495409636909017,Virgin
2209.418837675351,1.54955006993054,Virgin
2214.4288577154307,1.5495589955487323,Virgin
2219.438877755511,1.5495677441270792,Virgin
2224.448897795591,1.5495763191761998,Virgin
2229.4589178356714,1.549584724137138,Virgin
2234.4689378757516,1.5495929623827391,Virgin
2239.478957915832,1.5496010372189997,Virgin
2244.4889779559117,1.5496089518863916,Virgin
2249.498997995992,1.54961670956116,Virgin
2254.509018036072,1.5496243133565937,Virgin
2259.5190380761524,1.5496317663242727,Virgin
2264.5290581162326,1.54963907145529,Virgin
2269.539078156313,1.5496462316814492,Virgin
2274.549098196393,1.549653249876439,Virgin
2279.559118236473,1.5496601288569836,Virgin
2284.569138276553,1.5496668713839714,Virgin
2289.5791583166333,1.5496734801635608,Virgin
2294.5891783567135,1.5496799578482636,Virgin
2299.599198396794,1.5496863070380085,Virgin
2304.609218436874,1.5496925302811821,Virgin
2309.619238476954,1.5496986300756501,Virgin
2314.629258517034,1.5497046088697572,Virgin
2319.6392785571143,1.5497104690633106,Virgin
2324.6492985971945,1.5497162130085378,Virgin
2329.6593186372747,1.5497218430110324,Virgin
2334.669338677355,1.5497273613306763,Virgin
2339.6793587174348,1.5497327701825463,Virgin
2344.689378757515,1.549738071737801,Virgin
2349.699398797595,1.5497432681245513,Virgin
2354.7094188376755,1.5497483614287133,Virgin
2359.7194388777557,1.5497533536948447,Virgin
2364.729458917836,1.549758246926964,Virgin
2369.7394789579157,1.549763043089353,Virgin
2374.749498997996,1.5497677441073463,Virgin
2379.759519038076,1.549772351868101,Virgin
2384.7695390781564,1.549776868221354,Virgin
2389.7795591182366,1.549781294980164,Virgin
2394.789579158317,1.5497856339216383,Virgin
2399.7995991983967,1.5497898867876438,Virgin
2404.809619238477,1.5497940552855083,Virgin
2409.819639278557,1.5497981410887023,Virgin
2414.8296593186374,1.5498021458375109,Virgin
2419.8396793587176,1.5498060711396924,Virgin
2424.849699398798,1.549809918571122,Virgin
2429.8597194388776,1.5498136896764245,Virgin
2434.869739478958,1.5498173859695923,Virgin
2439.879759519038,1.5498210089345945,Virgin
2444.8897795591183,1.5498245600259708,Virgin
2449.8997995991986,1.549828040669415,Virgin
2454.909819639279,1.5498314522623469,Virgin
2459.9198396793586,1.5498347961744732,Virgin
2464.929859719439,1.549838073748336,Virgin
2469.939879759519,1.5498412862998523,Virgin
2474.9498997995993,1.549844435118841,Virgin
2479.9599198396795,1.5498475214695404,Virgin
2484.9699398797597,1.5498505465911163,Virgin
2489.9799599198395,1.5498535116981569,Virgin
2494.9899799599198,1.549856417981163,Virgin
2500.0,1.5498592666070226,Virgin
2500.0,1.5499999999895508,Upper Branch
2489.9799599198395,1.5489979959806626,Upper Branch
2479.9599198396795,1.547995991971702,Upper Branch
2469.939879759519,1.546993987962662,Upper Branch
2459.9198396793586,1.5459919839535365,Upper Branch
2449.8997995991986,1.544989979944319,Upper Branch
2439.879759519038,1.5439879759350008,Upper Branch
2429.8597194388776,1.542985971925574,Upper Branch
2419.8396793587176,1.5419839679160294,Upper Branch
2409.819639278557,1.5409819639063573,Upper Branch
2399.7995991983967,1.539979959896547,Upper Branch
2389.7795591182366,1.538977955886587,Upper Branch
2379.759519038076,1.5379759518764649,Upper Branch
2369.7394789579157,1.5369739478661666,Upper Branch
2359.7194388777557,1.5359719438556783,Upper Branch
2349.699398797595,1.5349699398449832,Upper Branch
2339.6793587174348,1.5339679358340648,Upper Branch
2329.6593186372747,1.532965931822904,Upper Branch
2319.6392785571143,1.531963927811481,Upper Branch
2309.619238476954,1.5309619237997731,Upper Branch
2299.599198396794,1.5299599197877576,Upper Branch
2289.5791583166333,1.528957915775408,Upper Branch
2279.559118236473,1.527955911762697,Upper Branch
2269.539078156313,1.526953907749594,Upper Branch
2259.5190380761524,1.5259519037360665,Upper Branch
2249.498997995992,1.5249498997220787,Upper Branch
2239.4789579158314,1.5239478957075931,Upper Branch
2229.4589178356714,1.522945891692567,Upper Branch
2219.438877755511,1.521943887676956,Upper Branch
2209.418837675351,1.5209418836607114,Upper Branch
2199.3987975951904,1.5199398796437795,Upper Branch
2189.37875751503,1.5189378756261038,Upper Branch
2179.3587174348695,1.5179358716076217,Upper Branch
2169.3386773547095,1.5169338675882664,Upper Branch
2159.318637274549,1.5159318635679646,Upper Branch
2149.298597194389,1.5149298595466374,Upper Branch
2139.2785571142285,1.513927855524199,Upper Branch
2129.258517034068,1.5129258515005573,Upper Branch
2119.2384769539076,1.5119238474756114,Upper Branch
2109.2184368737476,1.5109218434492524,Upper Branch
2099.198396793587,1.5099198394213622,Upper Branch
2089.178356713427,1.508917835391814,Upper Branch
2079.1583166332666,1.5079158313604681,Upper Branch
2069.138276553106,1.5069138273271752,Upper Branch
2059.1182364729457,1.5059118232917728,Upper Branch
2049.0981963927857,1.5049098192540846,Upper Branch
2039.0781563126252,1.50390781521392,Upper Branch
2029.058116232465,1.5029058111710722,Upper Branch
2019.0380761523047,1.5019038071253175,Upper Branch
2009.0180360721442,1.5009018030764127,Upper Branch
1998.997995991984,1.4998997990240959,Upper Branch
1988.9779559118238,1.4988977949680813,Upper Branch
1978.9579158316633,1.4978957909080606,Upper Branch
1968.937875751503,1.4968937868437,Upper Branch
1958.9178356713428,1.4958917827746365,Upper Branch
1948.8977955911823,1.4948897787004778,Upper Branch
1938.877755511022,1.493887774620799,Upper Branch
1928.8577154308618,1.4928857705351393,Upper Branch
1918.8376753507014,1.4918837664429991,Upper Branch
1908.817635270541,1.490881762343838,Upper Branch
1898.797595190381,1.4898797582370698,Upper Branch
1888.7775551102204,1.48887775412206,Upper Branch
1878.75751503006,1.4878757499981201,Upper Branch
1868.7374749499,1.4868737458645052,Upper Branch
1858.7174348697395,1.4858717417204075,Upper Branch
1848.697394789579,1.4848697375649524,Upper Branch
1838.677354709419,1.4838677333971921,Upper Branch
1828.6573146292585,1.4828657292160994,Upper Branch
1818.637274549098,1.4818637250205615,Upper Branch
1808.617234468938,1.480861720809373,Upper Branch
1798.5971943887776,1.4798597165812275,Upper Branch
1788.577154308617,1.4788577123347098,Upper Branch
1778.5571142284568,1.4778557080682864,Upper Branch
1768.5370741482966,1.4768537037802965,Upper Branch
1758.5170340681361,1.4758516994689397,Upper Branch
1748.4969939879759,1.4748496951322656,Upper Branch
1738.4769539078156,1.4738476907681615,Upper Branch
1728.4569138276552,1.4728456863743382,Upper Branch
1718.436873747495,1.471843681948315,Upper Branch
1708.4168336673347,1.4708416774874047,Upper Branch
1698.3967935871742,1.4698396729886953,Upper Branch
1688.376753507014,1.4688376684490325,Upper Branch
1678.3567134268537,1.467835663864998,Upper Branch
1668.3366733466933,1.4668336592328886,Upper Branch
1658.316633266533,1.4658316545486916,Upper Branch
1648.2965931863728,1.4648296498080604,Upper Branch
1638.2765531062123,1.4638276450062844,Upper Branch
1628.256513026052,1.4628256401382607,Upper Branch
1618.2364729458918,1.46182363519846,Upper Branch
1608.2164328657313,1.460821630180892,Upper Branch
1598.196392785571,1.4598196250790658,Upper Branch
1588.1763527054109,1.4588176198859495,Upper Branch
1578.1563126252504,1.4578156145939238,Upper Branch
1568.1362725450902,1.456813609194734,Upper Branch
1558.11623246493,1.4558116036794355,Upper Branch
1548.0961923847694,1.454809598038338,Upper Branch
1538.0761523046092,1.4538075922609424,Upper Branch
1528.056112224449,1.452805586335873,Upper Branch
1518.0360721442885,1.451803580250805,Upper Branch
1508.0160320641282,1.4508015739923845,Upper Branch
1497.995991983968,1.4497995675461435,Upper Branch
1487.9759519038075,1.448797560896407,Upper Branch
1477.9559118236473,1.4477955540261898,Upper Branch
1467.935871743487,1.4467935469170914,Upper Branch
1457.9158316633266,1.4457915395491745,Upper Branch
1447.8957915831663,1.4447895319008375,Upper Branch
1437.875751503006,1.4437875239486766,Upper Branch
1427.8557114228456,1.4427855156673344,Upper Branch
1417.8356713426854,1.4417835070293372,Upper Branch
1407.8156312625251,1.4407814980049185,Upper Branch
1397.7955911823647,1.439779488561827,Upper Branch
1387.7755511022044,1.43877747866512,Upper Branch
1377.7555110220442,1.4377754682769384,Upper Branch
1367.7354709418837,1.4367734573562632,Upper Branch
1357.7154308617235,1.4357714458586524,Upper Branch
1347.695390781563,1.4347694337359544,Upper Branch
1337.6753507014027,1.4337674209359994,Upper Branch
1327.6553106212425,1.4327654074022622,Upper Branch
1317.635270541082,1.4317633930735012,Upper Branch
1307.6152304609218,1.430761377883363,Upper Branch
1297.5951903807616,1.4297593617599569,Upper Branch
1287.575150300601,1.4287573446253912,Upper Branch
1277.5551102204408,1.4277553263952738,Upper Branch
1267.5350701402806,1.4267533069781693,Upper Branch
1257.5150300601201,1.4257512862750108,Upper Branch
1247.4949899799599,1.4247492641784636,Upper Branch
1237.4749498997996,1.423747240572234,Upper Branch
1227.4549098196392,1.422745215330323,Upper Branch
1217.434869739479,1.421743188316216,Upper Branch
1207.4148296593187,1.4207411593820032,Upper Branch
1197.3947895791582,1.4197391283674317,Upper Branch
1187.374749498998,1.4187370950988734,Upper Branch
1177.3547094188377,1.4177350593882092,Upper Branch
1167.3346693386773,1.4167330210316187,Upper Branch
1157.314629258517,1.4157309798082711,Upper Branch
1147.2945891783568,1.4147289354789052,Upper Branch
1137.2745490981963,1.4137268877842906,Upper Branch
1127.254509018036,1.412724836443561,Upper Branch
1117.2344689378758,1.4117227811524091,Upper Branch
1107.2144288577153,1.4107207215811306,Upper Branch
1097.194388777555,1.409718657372503,Upper Branch
1087.1743486973949,1.4087165881394896,Upper Branch
1077.1543086172344,1.407714513462753,Upper Branch
1067.1342685370741,1.4067124328879554,Upper Branch
1057.1142284569137,1.4057103459228417,Upper Branch
1047.0941883767534,1.4047082520340721,Upper Branch
1037.0741482965932,1.4037061506437938,Upper Branch
1027.0541082164327,1.4027040411259268,Upper Branch
1017.0340681362725,1.4017019228021377,Upper Branch
1007.0140280561122,1.400699794937479,Upper Branch
996.9939879759518,1.3996976567356647,Upper Branch
986.9739478957915,1.3986955073339504,Upper Branch
976.9539078156313,1.3976933457975869,Upper Branch
966.9338677354708,1.39669117111381,Upper Branch
956.9138276553106,1.3956889821853302,Upper Branch
946.8937875751503,1.3946867778232792,Upper Branch
936.8737474949899,1.3936845567395637,Upper Branch
926.8537074148296,1.3926823175385874,Upper Branch
916.8336673346694,1.391680058708277,Upper Branch
906.8136272545089,1.390677778610362,Upper Branch
896.7935871743487,1.389675475469842,Upper Branch
886.7735470941884,1.388673147363575,Upper Branch
876.753507014028,1.3876707922079143,Upper Branch
866.7334669338677,1.3866684077453133,Upper Branch
856.7134268537075,1.3856659915298113,Upper Branch
846.693386773547,1.3846635409113088,Upper Branch
836.6733466933867,1.3836610530185307,Upper Branch
826.6533066132265,1.3826585247405692,Upper Branch
816.633266533066,1.3816559527068804,Upper Branch
806.6132264529058,1.3806533332656201,Upper Branch
796.5931863727455,1.3796506624601659,Upper Branch
786.5731462925851,1.3786479360036799,Upper Branch
776.5531062124248,1.3776451492515527,Upper Branch
766.5330661322646,1.3766422971715429,Upper Branch
756.5130260521041,1.3756393743114286,Upper Branch
746.4929859719439,1.3746363747639578,Upper Branch
736.4729458917836,1.373633292128873,Upper Branch
726.4529058116232,1.372630119471769,Upper Branch
716.4328657314629,1.3716268492795152,Upper Branch
706.4128256513025,1.3706234734119618,Upper Branch
696.3927855711422,1.3696199830496094,Upper Branch
686.372745490982,1.3686163686369202,Upper Branch
676.3527054108215,1.3676126198208929,Upper Branch
666.3326653306613,1.3666087253845154,Upper Branch
656.312625250501,1.3656046731746623,Upper Branch
646.2925851703405,1.36460045002398,Upper Branch
636.2725450901803,1.3635960416662511,Upper Branch
626.2525050100201,1.3625914326446997,Upper Branch
616.2324649298596,1.3615866062126438,Upper Branch
606.2124248496993,1.360581544225863,Upper Branch
596.1923847695391,1.3595762270259855,Upper Branch
586.1723446893786,1.3585706333141447,Upper Branch
576.1523046092184,1.3575647400141009,Upper Branch
566.1322645290581,1.3565585221239416,Upper Branch
556.1122244488977,1.3555519525554145,Upper Branch
546.0921843687374,1.3545450019598588,Upper Branch
536.0721442885772,1.3535376385396172,Upper Branch
526.0521042084167,1.3525298278437239,Upper Branch
516.0320641282565,1.3515215325465517,Upper Branch
506.01202404809624,1.3505127122080027,Upper Branch
495.99198396793577,1.349503323013702,Upper Branch
485.9719438877755,1.3484933174935334,Upper Branch
475.9519038076153,1.3474826442167092,Upper Branch
465.9318637274548,1.3464712474614196,Upper Branch
455.91182364729457,1.345459066856952,Upper Branch
445.8917835671341,1.344446036995981,Upper Branch
435.8717434869741,1.343432087014552,Upper Branch
425.8517034068136,1.3424171401370697,Upper Branch
415.83166332665314,1.3414011131833798,Upper Branch
405.8116232464931,1.3403839160347966,Upper Branch
395.79158316633266,1.3393654510556554,Upper Branch
385.7715430861722,1.3383456124667084,Upper Branch
375.7515030060122,1.3373242856663479,Upper Branch
365.7314629258517,1.3363013464953424,Upper Branch
355.71142284569123,1.3352766604403843,Upper Branch
345.6913827655312,1.3342500817713818,Upper Branch
335.67134268537075,1.3332214526070012,Upper Branch
325.6513026052103,1.332190601902514,Upper Branch
315.63126252505026,1.3311573443535172,Upper Branch
305.6112224448898,1.3301214792085627,Upper Branch
295.5911823647293,1.3290827889831698,Upper Branch
285.5711422845693,1.3280410380670673,Upper Branch
275.55110220440883,1.3269959712158546,Upper Branch
265.53106212424836,1.3259473119175496,Upper Branch
255.51102204408835,1.3248947606237158,Upper Branch
245.49098196392788,1.3238379928340245,Upper Branch
235.4709418837674,1.3227766570221988,Upper Branch
225.45090180360694,1.32171037239033,Upper Branch
215.43086172344692,1.3206387264374835,Upper Branch
205.41082164328645,1.3195612723274028,Upper Branch
195.39078156312598,1.3184775260388917,Upper Branch
185.37074148296597,1.3173869632811457,Upper Branch
175.3507014028055,1.316289016154901,Upper Branch
165.33066132264503,1.315183069538752,Upper Branch
155.310621242485,1.3140684571783618,Upper Branch
145.29058116232454,1.3129444574545481,Upper Branch
135.27054108216407,1.3118102888043595,Upper Branch
125.25050100200406,1.3106651047672444,Upper Branch
115.23046092184359,1.3095079886262873,Upper Branch
105.21042084168312,1.3083379476121806,Upper Branch
95.1903807615231,1.3071539066351712,Upper Branch
85.17034068136263,1.3059547015076032,Upper Branch
75.15030060120216,1.3047390716169212,Upper Branch
65.13026052104215,1.3035056520060453,Upper Branch
55.110220440881676,1.3022529648149148,Upper Branch
45.090180360721206,1.3009794100337078,Upper Branch
35.07014028056119,1.2996832555147544,Upper Branch
25.05010020040072,1.29836262618652,Upper Branch
15.03006012024025,1.2970154924091963,Upper Branch
5.010020040080235,1.2956396574074462,Upper Branch
-5.010020040080235,1.2942327437116934,Upper Branch
-15.030060120240705,1.292792178535053,Upper Branch
-25.05010020040072,1.2913151780085974,Upper Branch
-35.07014028056119,1.2897987301931464,Upper Branch
-45.09018036072166,1.2882395767812307,Upper Branch
-55.110220440881676,1.2866341933983376,Upper Branch
-65.13026052104215,1.2849787684080705,Upper Branch
-75.15030060120262,1.2832691801215068,Upper Branch
-85.17034068136263,1.2815009723069533,Upper Branch
-95.1903807615231,1.2796693278925297,Upper Branch
-105.21042084168357,1.277769040750767,Upper Branch
-115.23046092184359,1.275794485451779,Upper Branch
-125.25050100200406,1.2737395848698354,Upper Branch
-135.27054108216453,1.2715977755274823,Upper Branch
-145.29058116232454,1.269361970562081,Upper Branch
-155.310621242485,1.2670245202020198,Upper Branch
-165.33066132264548,1.2645771696443486,Upper Branch
-175.3507014028055,1.26201101423258,Upper Branch
-185.37074148296597,1.2593164518434516,Upper Branch
-195.39078156312644,1.2564831324051147,Upper Branch
-205.41082164328645,1.2534999044872146,Upper Branch
-215.43086172344692,1.2503547589264092,Upper Branch
-225.4509018036074,1.2470347694799468,Upper Branch
-235.4709418837674,1.2435260305359512,Upper Branch
-245.49098196392788,1.2398135919531845,Upper Branch
-255.51102204408835,1.2358813911565107,Upper Branch
-265.53106212424836,1.231712182678389,Upper Branch
-275.55110220440883,1.2272874654130341,Upper Branch
-285.5711422845693,1.2225874079399204,Upper Branch
-295.5911823647293,1.2175907723788153,Upper Branch
-305.6112224448898,1.2122748373612642,Upper Branch
-315.63126252505026,1.206615320845181,Upper Branch
-325.6513026052103,1.2005863036617461,Upper Branch
-335.67134268537075,1.1941601548688112,Upper Branch
-345.6913827655312,1.1873074601939775,Upper Branch
-355.71142284569123,1.1799969550845557,Upper Branch
-365.7314629258517,1.1721954641414698,Upper Branch
-375.7515030060122,1.1638678489997831,Upper Branch
-385.77154308617264,1.1549769670289611,Upper Branch
-395.79158316633266,1.145483643559172,Upper Branch
-405.8116232464931,1.1353466606921054,Upper Branch
-415.8316633266536,1.124522766120438,Upper Branch
-425.8517034068136,1.1129667057512183,Upper Branch
-435.8717434869741,1.1006312842944088,Upper Branch
-445.89178356713455,1.0874674583246584,Upper Branch
-455.91182364729457,1.073424466634416,Upper Branch
-465.93186372745504,1.058450002948126,Upper Branch
-475.9519038076155,1.0424904362343475,Upper Branch
-485.9719438877755,1.0254910839047544,Upper Branch
-495.991983967936,1.0073965430913607,Upper Branch
-506.01202404809646,0.9881510849073447,Upper Branch
-516.0320641282565,0.967699116081122,Upper Branch
-526.052104208417,0.945985711565222,Upper Branch
-536.0721442885774,0.9229572206191822,Upper Branch
-546.0921843687374,0.89856194741122,Upper Branch
-556.1122244488979,0.8727509053466083,Upper Branch
-566.1322645290584,0.8454786420932909,Upper Branch
-576.1523046092184,0.8167041296364649,Upper Branch
-586.1723446893789,0.7863917106757371,Upper Branch
-596.1923847695393,0.7545120893314871,Upper Branch
-606.2124248496993,0.7210433505351856,Upper Branch
-616.2324649298598,0.6859719887631043,Upper Branch
-626.2525050100203,0.6492939230944292,Upper Branch
-636.2725450901803,0.6110154721315171,Upper Branch
-646.2925851703408,0.5711542593432317,Upper Branch
-656.3126252505012,0.5297400171363658,Upper Branch
-666.3326653306613,0.4868152566886417,Upper Branch
-676.3527054108217,0.4424357705433878,Upper Branch
-686.3727454909822,0.3966709363912644,Upper Branch
-696.3927855711422,0.34960379351092113,Upper Branch
-706.4128256513027,0.30133086808773213,Upper Branch
-716.4328657314632,0.2519617300513337,Upper Branch
-726.4529058116232,0.20161827202063348,Upper Branch
-736.4729458917836,0.1504337101428449,Upper Branch
-746.4929859719441,0.09855131666055394,Upper Branch
-756.5130260521041,0.04612290443216696,Upper Branch
-766.5330661322646,-0.0066929062132569245,Upper Branch
-776.5531062124251,-0.05973259859742151,Upper Branch
-786.5731462925851,-0.1128298012331912,Upper Branch
-796.5931863727455,-0.16581740632187603,Upper Branch
-806.613226452906,-0.2185297082077908,Upper Branch
-816.633266533066,-0.27080450386682803,Upper Branch
-826.6533066132265,-0.32248509926073055,Upper Branch
-836.673346693387,-0.3734221696993325,Upper Branch
-846.693386773547,-0.4234754289202028,Upper Branch
-856.7134268537075,-0.4725150699728597,Upper Branch
-866.7334669338679,-0.5204229506329813,Upper Branch
-876.753507014028,-0.5670935063663405,Upper Branch
-886.7735470941884,-0.612434384205718,Upper Branch
-896.7935871743489,-0.6563668007362476,Upper Branch
-906.8136272545089,-0.6988256362299725,Upper Branch
-916.8336673346694,-0.739759284465719,Upper Branch
-926.8537074148298,-0.7791292836795104,Upper Branch
-936.8737474949899,-0.8169097583048706,Upper Branch
-946.8937875751503,-0.8530867036901343,Upper Branch
-956.9138276553108,-0.8876571469293499,Upper Branch
-966.9338677354708,-0.9206282164979847,Upper Branch
-976.9539078156313,-0.9520161517778724,Upper Branch
-986.9739478957918,-0.981845281046788,Upper Branch
-996.9939879759518,-1.010146993359256,Upper Branch
-1007.0140280561122,-1.0369587262051354,Upper Branch
-1017.0340681362727,-1.0623229871230135,Upper Branch
-1027.0541082164327,-1.0862864237532799,Upper Branch
-1037.0741482965932,-1.1088989532890625,Upper Branch
-1047.0941883767537,-1.130212959031467,Upper Branch
-1057.1142284569141,-1.150282558851832,Upper Branch
-1067.1342685370741,-1.1691629478489476,Upper Branch
-1077.1543086172346,-1.1869098153778006,Upper Branch
-1087.174348697395,-1.203578834911456,Upper Branch
-1097.194388777555,-1.2192252238568306,Upper Branch
-1107.2144288577156,-1.2339033694450996,Upper Branch
-1117.234468937876,-1.2476665161189413,Upper Branch
-1127.254509018036,-1.2605665093993652,Upper Branch
-1137.2745490981965,-1.272653590991989,Upper Branch
-1147.294589178357,-1.2839762398456909,Upper Branch
-1157.314629258517,-1.2945810539681282,Upper Branch
-1167.3346693386775,-1.3045126679991206,Upper Branch
-1177.354709418838,-1.3138137018153493,Upper Branch
-1187.374749498998,-1.3225247357634708,Upper Branch
-1197.3947895791584,-1.3306843084732638,Upper Branch
-1207.414829659319,-1.3383289335713253,Upper Branch
-1217.434869739479,-1.3454931319862993,Upper Branch
-1227.4549098196394,-1.352209476898777,Upper Branch
-1237.4749498997999,-1.358508648735773,Upper Branch
-1247.4949899799599,-1.3644194979360817,Upper Branch
-1257.5150300601204,-1.3699691135156844,Upper Branch
-1267.5350701402808,-1.3751828957399939,Upper Branch
-1277.5551102204408,-1.380084631461505,Upper Branch
-1287.5751503006013,-1.3846965709075196,Upper Branch
-1297.5951903807618,-1.389039504903984,Upper Branch
-1307.6152304609218,-1.3931328416992779,Upper Branch
-1317.6352705410823,-1.3969946827076754,Upper Branch
-1327.6553106212427,-1.4006418966278043,Upper Branch
-1337.6753507014027,-1.4040901915086028,Upper Branch
-1347.6953907815632,-1.4073541844357662,Upper Branch
-1357.7154308617237,-1.410447468597254,Upper Branch
-1367.7354709418837,-1.4133826775587615,Upper Branch
-1377.7555110220442,-1.416171546640697,Upper Branch
-1387.7755511022046,-1.4188249713385914,Upper Branch
-1397.7955911823647,-1.4213530627703503,Upper Branch
-1407.8156312625251,-1.4237652001674996,Upper Branch
-1417.8356713426856,-1.4260700804546724,Upper Branch
-1427.8557114228456,-1.4282757649830018,Upper Branch
-1437.875751503006,-1.430389723499645,Upper Branch
-1447.8957915831666,-1.4324188754481388,Upper Branch
-1457.9158316633266,-1.4343696287033345,Upper Branch
-1467.935871743487,-1.4362479158508012,Upper Branch
-1477.9559118236475,-1.4380592281244005,Upper Branch
-1487.9759519038075,-1.439808647117547,Upper Branch
-1497.995991983968,-1.441500874383932,Upper Branch
-1508.0160320641285,-1.4431402590424482,Upper Branch
-1518.0360721442885,-1.4447308234990157,Upper Branch
-1528.056112224449,-1.4462762873951729,Upper Branch
-1538.0761523046094,-1.4477800898898736,Upper Branch
-1548.0961923847694,-1.4492454103770498,Upper Branch
-1558.11623246493,-1.4506751877373107,Upper Branch
-1568.1362725450904,-1.4520721382177724,Upper Branch
-1578.1563126252504,-1.4534387720294877,Upper Branch
-1588.1763527054109,-1.4547774087474161,Upper Branch
-1598.1963927855713,-1.4560901915933215,Upper Branch
-1608.2164328657318,-1.457379100677529,Upper Branch
-1618.2364729458923,-1.4586459652710875,Upper Branch
-1628.2565130260518,-1.4598924751756315,Upper Branch
-1638.2765531062123,-1.4611201912541394,Upper Branch
-1648.2965931863728,-1.4623305551818284,Upper Branch
-1658.3166332665332,-1.4635248984726603,Upper Branch
-1668.3366733466937,-1.4647044508333265,Upper Branch
-1678.3567134268542,-1.465870347893166,Upper Branch
-1688.3767535070137,-1.4670236383552213,Upper Branch
-1698.3967935871742,-1.4681652906105875,Upper Branch
-1708.4168336673347,-1.4692961988553088,Upper Branch
-1718.4368737474952,-1.4704171887463653,Upper Branch
-1728.4569138276556,-1.4715290226307403,Upper Branch
-1738.476953907816,-1.4726324043791583,Upper Branch
-1748.4969939879757,-1.4737279838538475,Upper Branch
-1758.5170340681361,-1.4748163610375729,Upper Branch
-1768.5370741482966,-1.4758980898492355,Upper Branch
-1778.557114228457,-1.476973681669495,Upper Branch
-1788.5771543086175,-1.4780436085981743,Upper Branch
-1798.597194388778,-1.4791083064636046,Upper Branch
-1808.6172344689376,-1.4801681776026014,Upper Branch
-1818.637274549098,-1.4812235934283744,Upper Branch
-1828.6573146292585,-1.4822748968024049,Upper Branch
-1838.677354709419,-1.483322404225121,Upper Branch
-1848.6973947895794,-1.484366407859115,Upper Branch
-1858.71743486974,-1.4854071773976023,Upper Branch
-1868.7374749498995,-1.4864449617898903,Upper Branch
-1878.75751503006,-1.4874799908347236,Upper Branch
-1888.7775551102204,-1.4885124766515743,Upper Branch
-1898.797595190381,-1.4895426150391746,Upper Branch
-1908.8176352705414,-1.4905705867298906,Upper Branch
-1918.8376753507018,-1.4915965585478916,Upper Branch
-1928.8577154308614,-1.4926206844784606,Upper Branch
-1938.8777555110219,-1.493643106655241,Upper Branch
-1948.8977955911823,-1.494663956271691,Upper Branch
-1958.9178356713428,-1.4956833544225505,Upper Branch
-1968.9378757515033,-1.496701412880677,Upper Branch
-1978.9579158316637,-1.4977182348142004,Upper Branch
-1988.9779559118233,-1.4987339154485726,Upper Branch
-1998.9979959919838,-1.4997485426777322,Upper Branch
-2009.0180360721442,-1.5007621976282923,Upper Branch
-2019.0380761523047,-1.5017749551803525,Upper Branch
-2029.0581162324652,-1.5027868844482613,Upper Branch
-2039.0781563126257,-1.5037980492244094,Upper Branch
-2049.098196392786,-1.504808508388887,Upper Branch
-2059.1182364729457,-1.5058183162876295,Upper Branch
-2069.138276553106,-1.506827523081474,Upper Branch
-2079.1583166332666,-1.5078361750683564,Upper Branch
-2089.178356713427,-1.5088443149807187,Upper Branch
-2099.1983967935876,-1.5098519822600296,Upper Branch
-2109.218436873748,-1.5108592133101801,Upper Branch
-2119.2384769539076,-1.5118660417313734,Upper Branch
-2129.258517034068,-1.5128724985360134,Upper Branch
-2139.2785571142285,-1.5138786123479784,Upper Branch
-2149.298597194389,-1.5148844095865501,Upper Branch
-2159.3186372745495,-1.5158899146361875,Upper Branch
-2169.33867735471,-1.5168951500032273,Upper Branch
-2179.3587174348695,-1.5179001364605216,Upper Branch
-2189.37875751503,-1.51890489318094,Upper Branch
-2199.3987975951904,-1.51990943786059,Upper Branch
-2209.418837675351,-1.520913786832553,Upper Branch
-2219.4388777555114,-1.5219179551718598,Upper Branch
-2229.458917835672,-1.5229219567923835,Upper Branch
-2239.4789579158314,-1.5239258045362707,Upper Branch
-2249.498997995992,-1.5249295102564875,Upper Branch
-2259.5190380761524,-1.5259330848930057,Upper Branch
-2269.539078156313,-1.5269365385431242,Upper Branch
-2279.5591182364733,-1.527939880526374,Upper Branch
-2289.5791583166338,-1.528943119444424,Upper Branch
-2299.5991983967933,-1.5299462632363745,Upper Branch
-2309.619238476954,-1.53094931922979,Upper Branch
-2319.6392785571143,-1.5319522941878045,Upper Branch
-2329.6593186372747,-1.5329551943525952,Upper Branch
-2339.679358717435,-1.5339580254855114,Upper Branch
-2349.6993987975957,-1.53496079290411,Upper Branch
-2359.7194388777552,-1.5359635015163402,Upper Branch
-2369.7394789579157,-1.5369661558520937,Upper Branch
-2379.759519038076,-1.537968760092326,Upper Branch
-2389.7795591182366,-1.5389713180959346,Upper Branch
-2399.799599198397,-1.5399738334245656,Upper Branch
-2409.8196392785576,-1.540976309365511,Upper Branch
-2419.839679358717,-1.5419787489528431,Upper Branch
-2429.8597194388776,-1.5429811549869172,Upper Branch
-2439.879759519038,-1.5439835300523765,Upper Branch
-2449.8997995991986,-1.5449858765347675,Upper Branch
-2459.919839679359,-1.5459881966358773,Upper Branch
-2469.9398797595195,-1.546990492387887,Upper Branch
-2479.959919839679,-1.5479927656664374,Upper Branch
-2489.9799599198395,-1.5489950182026877,Upper Branch
-2500.0,-1.5499972515944433,Upper Branch
-2500.0,-1.5499999999895508,Lower Branch
-2489.9799599198395,-1.5489979959806626,Lower Branch
-2479.9599198396795,-1.547995991971702,Lower Branch
-2469.939879759519,-1.546993987962662,Lower Branch
-2459.9198396793586,-1.5459919839535365,Lower Branch
-2449.8997995991986,-1.544989979944319,Lower Branch
-2439.879759519038,-1.5439879759350008,Lower Branch
-2429.8597194388776,-1.542985971925574,Lower Branch
-2419.8396793587176,-1.5419839679160294,Lower Branch
-2409.819639278557,-1.5409819639063573,Lower Branch
-2399.7995991983967,-1.539979959896547,Lower Branch
-2389.7795591182366,-1.538977955886587,Lower Branch
-2379.759519038076,-1.5379759518764649,Lower Branch
-2369.7394789579157,-1.5369739478661666,Lower Branch
-2359.7194388777557,-1.5359719438556783,Lower Branch
-2349.699398797595,-1.5349699398449832,Lower Branch
-2339.6793587174348,-1.5339679358340648,Lower Branch
-2329.6593186372747,-1.532965931822904,Lower Branch
-2319.6392785571143,-1.531963927811481,Lower Branch
-2309.619238476954,-1.5309619237997731,Lower Branch
-2299.599198396794,-1.5299599197877576,Lower Branch
-2289.5791583166333,-1.528957915775408,Lower Branch
-2279.559118236473,-1.527955911762697,Lower Branch
-2269.539078156313,-1.526953907749594,Lower Branch
-2259.5190380761524,-1.5259519037360665,Lower Branch
-2249.498997995992,-1.5249498997220787,Lower Branch
-2239.4789579158314,-1.5239478957075931,Lower Branch
-2229.4589178356714,-1.522945891692567,Lower Branch
-2219.438877755511,-1.521943887676956,Lower Branch
-2209.418837675351,-1.5209418836607114,Lower Branch
-2199.3987975951904,-1.5199398796437795,Lower Branch
-2189.37875751503,-1.5189378756261038,Lower Branch
-2179.3587174348695,-1.5179358716076217,Lower Branch
-2169.3386773547095,-1.5169338675882664,Lower Branch
-2159.318637274549,-1.5159318635679646,Lower Branch
-2149.298597194389,-1.5149298595466374,Lower Branch
-2139.2785571142285,-1.513927855524199,Lower Branch
-2129.258517034068,-1.5129258515005573,Lower Branch
-2119.2384769539076,-1.5119238474756114,Lower Branch
-2109.2184368737476,-1.5109218434492524,Lower Branch
-2099.198396793587,-1.5099198394213622,Lower Branch
-2089.178356713427,-1.508917835391814,Lower Branch
-2079.1583166332666,-1.5079158313604681,Lower Branch
-2069.138276553106,-1.5069138273271752,Lower Branch
-2059.1182364729457,-1.5059118232917728,Lower Branch
-2049.0981963927857,-1.5049098192540846,Lower Branch
-2039.0781563126252,-1.50390781521392,Lower Branch
-2029.058116232465,-1.5029058111710722,Lower Branch
-2019.0380761523047,-1.5019038071253175,Lower Branch
-2009.0180360721442,-1.5009018030764127,Lower Branch
-1998.997995991984,-1.4998997990240959,Lower Branch
-1988.9779559118238,-1.4988977949680813,Lower Branch
-1978.9579158316633,-1.4978957909080606,Lower Branch
-1968.937875751503,-1.4968937868437,Lower Branch
-1958.9178356713428,-1.4958917827746365,Lower Branch
-1948.8977955911823,-1.4948897787004778,Lower Branch
-1938.877755511022,-1.493887774620799,Lower Branch
-1928.8577154308618,-1.4928857705351393,Lower Branch
-1918.8376753507014,-1.4918837664429991,Lower Branch
-1908.817635270541,-1.490881762343838,Lower Branch
-1898.797595190381,-1.4898797582370698,Lower Branch
-1888.7775551102204,-1.48887775412206,Lower Branch
-1878.75751503006,-1.4878757499981201,Lower Branch
-1868.7374749499,-1.4868737458645052,Lower Branch
-1858.7174348697395,-1.4858717417204075,Lower Branch
-1848.697394789579,-1.4848697375649524,Lower Branch
-1838.677354709419,-1.4838677333971921,Lower Branch
-1828.6573146292585,-1.4828657292160994,Lower Branch
-1818.637274549098,-1.4818637250205615,Lower Branch
-1808.617234468938,-1.480861720809373,Lower Branch
-1798.5971943887776,-1.4798597165812275,Lower Branch
-1788.577154308617,-1.4788577123347098,Lower Branch
-1778.5571142284568,-1.4778557080682864,Lower Branch
-1768.5370741482966,-1.4768537037802965,Lower Branch
-1758.5170340681361,-1.4758516994689397,Lower Branch
-1748.4969939879759,-1.4748496951322656,Lower Branch
-1738.4769539078156,-1.4738476907681615,Lower Branch
-1728.4569138276552,-1.4728456863743382,Lower Branch
-1718.436873747495,-1.471843681948315,Lower Branch
-1708.4168336673347,-1.4708416774874047,Lower Branch
-1698.3967935871742,-1.4698396729886953,Lower Branch
-1688.376753507014,-1.4688376684490325,Lower Branch
-1678.3567134268537,-1.467835663864998,Lower Branch
-1668.3366733466933,-1.4668336592328886,Lower Branch
-1658.316633266533,-1.4658316545486916,Lower Branch
-1648.2965931863728,-1.4648296498080604,Lower Branch
-1638.2765531062123,-1.4638276450062844,Lower Branch
-1628.256513026052,-1.4628256401382607,Lower Branch
-1618.2364729458918,-1.46182363519846,Lower Branch
-1608.2164328657313,-1.460821630180892,Lower Branch
-1598.196392785571,-1.4598196250790658,Lower Branch
-1588.1763527054109,-1.4588176198859495,Lower Branch
-1578.1563126252504,-1.4578156145939238,Lower Branch
-1568.1362725450902,-1.456813609194734,Lower Branch
-1558.11623246493,-1.4558116036794355,Lower Branch
-1548.0961923847694,-1.454809598038338,Lower Branch
-1538.0761523046092,-1.4538075922609424,Lower Branch
-1528.056112224449,-1.452805586335873,Lower Branch
-1518.0360721442885,-1.451803580250805,Lower Branch
-1508.0160320641282,-1.4508015739923845,Lower Branch
-1497.995991983968,-1.4497995675461435,Lower Branch
-1487.9759519038075,-1.448797560896407,Lower Branch
-1477.9559118236473,-1.4477955540261898,Lower Branch
-1467.935871743487,-1.4467935469170914,Lower Branch
-1457.9158316633266,-1.4457915395491745,Lower Branch
-1447.8957915831663,-1.4447895319008375,Lower Branch
-1437.875751503006,-1.4437875239486766,Lower Branch
-1427.8557114228456,-1.4427855156673344,Lower Branch
-1417.8356713426854,-1.4417835070293372,Lower Branch
-1407.8156312625251,-1.4407814980049185,Lower Branch
-1397.7955911823647,-1.439779488561827,Lower Branch
-1387.7755511022044,-1.43877747866512,Lower Branch
-1377.7555110220442,-1.4377754682769384,Lower Branch
-1367.7354709418837,-1.4367734573562632,Lower Branch
-1357.7154308617235,-1.4357714458586524,Lower Branch
-1347.695390781563,-1.4347694337359544,Lower Branch
-1337.6753507014027,-1.4337674209359994,Lower Branch
-1327.6553106212425,-1.4327654074022622,Lower Branch
-1317.635270541082,-1.4317633930735012,Lower Branch
-1307.6152304609218,-1.430761377883363,Lower Branch
-1297.5951903807616,-1.4297593617599569,Lower Branch
-1287.575150300601,-1.4287573446253912,Lower Branch
-1277.5551102204408,-1.4277553263952738,Lower Branch
-1267.5350701402806,-1.4267533069781693,Lower Branch
-1257.5150300601201,-1.4257512862750108,Lower Branch
-1247.4949899799599,-1.4247492641784636,Lower Branch
-1237.4749498997996,-1.423747240572234,Lower Branch
-1227.4549098196392,-1.422745215330323,Lower Branch
-1217.434869739479,-1.421743188316216,Lower Branch
-1207.4148296593187,-1.4207411593820032,Lower Branch
-1197.3947895791582,-1.4197391283674317,Lower Branch
-1187.374749498998,-1.4187370950988734,Lower Branch
-1177.3547094188377,-1.4177350593882092,Lower Branch
-1167.3346693386773,-1.4167330210316187,Lower Branch
-1157.314629258517,-1.4157309798082711,Lower Branch
-1147.2945891783568,-1.4147289354789052,Lower Branch
-1137.2745490981963,-1.4137268877842906,Lower Branch
-1127.254509018036,-1.412724836443561,Lower Branch
-1117.2344689378758,-1.4117227811524091,Lower Branch
-1107.2144288577153,-1.4107207215811306,Lower Branch
-1097.194388777555,-1.409718657372503,Lower Branch
-1087.1743486973949,-1.4087165881394896,Lower Branch
-1077.1543086172344,-1.407714513462753,Lower Branch
-1067.1342685370741,-1.4067124328879554,Lower Branch
-1057.1142284569137,-1.4057103459228417,Lower Branch
-1047.0941883767534,-1.4047082520340721,Lower Branch
-1037.0741482965932,-1.4037061506437938,Lower Branch
-1027.0541082164327,-1.4027040411259268,Lower Branch
-1017.0340681362725,-1.4017019228021377,Lower Branch
-1007.0140280561122,-1.400699794937479,Lower Branch
-996.9939879759518,-1.3996976567356647,Lower Branch
-986.9739478957915,-1.3986955073339504,Lower Branch
-976.9539078156313,-1.3976933457975869,Lower Branch
-966.9338677354708,-1.39669117111381,Lower Branch
-956.9138276553106,-1.3956889821853302,Lower Branch
-946.8937875751503,-1.3946867778232792,Lower Branch
-936.8737474949899,-1.3936845567395637,Lower Branch
-926.8537074148296,-1.3926823175385874,Lower Branch
-916.8336673346694,-1.391680058708277,Lower Branch
-906.8136272545089,-1.390677778610362,Lower Branch
-896.7935871743487,-1.389675475469842,Lower Branch
-886.7735470941884,-1.388673147363575,Lower Branch
-876.753507014028,-1.3876707922079143,Lower Branch
-866.7334669338677,-1.3866684077453133,Lower Branch
-856.7134268537075,-1.3856659915298113,Lower Branch
-846.693386773547,-1.3846635409113088,Lower Branch
-836.6733466933867,-1.3836610530185307,Lower Branch
-826.6533066132265,-1.3826585247405692,Lower Branch
-816.633266533066,-1.3816559527068804,Lower Branch
-806.6132264529058,-1.3806533332656201,Lower Branch
-796.5931863727455,-1.3796506624601659,Lower Branch
-786.5731462925851,-1.3786479360036799,Lower Branch
-776.5531062124248,-1.3776451492515527,Lower Branch
-766.5330661322646,-1.3766422971715429,Lower Branch
-756.5130260521041,-1.3756393743114286,Lower Branch
-746.4929859719439,-1.3746363747639578,Lower Branch
-736.4729458917836,-1.373633292128873,Lower Branch
-726.4529058116232,-1.372630119471769,Lower Branch
-716.4328657314629,-1.3716268492795152,Lower Branch
-706.4128256513025,-1.3706234734119618,Lower Branch
-696.3927855711422,-1.3696199830496094,Lower Branch
-686.372745490982,-1.3686163686369202,Lower Branch
-676.3527054108215,-1.3676126198208929,Lower Branch
-666.3326653306613,-1.3666087253845154,Lower Branch
-656.312625250501,-1.3656046731746623,Lower Branch
-646.2925851703405,-1.36460045002398,Lower Branch
-636.2725450901803,-1.3635960416662511,Lower Branch
-626.2525050100201,-1.3625914326446997,Lower Branch
-616.2324649298596,-1.3615866062126438,Lower Branch
-606.2124248496993,-1.360581544225863,Lower Branch
-596.1923847695391,-1.3595762270259855,Lower Branch
-586.1723446893786,-1.3585706333141447,Lower Branch
-576.1523046092184,-1.3575647400141009,Lower Branch
-566.1322645290581,-1.3565585221239416,Lower Branch
-556.1122244488977,-1.3555519525554145,Lower Branch
-546.0921843687374,-1.3545450019598588,Lower Branch
-536.0721442885772,-1.3535376385396172,Lower Branch
-526.0521042084167,-1.3525298278437239,Lower Branch
-516.0320641282565,-1.3515215325465517,Lower Branch
-506.01202404809624,-1.3505127122080027,Lower Branch
-495.99198396793577,-1.349503323013702,Lower Branch
-485.9719438877755,-1.3484933174935334,Lower Branch
-475.9519038076153,-1.3474826442167092,Lower Branch
-465.9318637274548,-1.3464712474614196,Lower Branch
-455.91182364729457,-1.345459066856952,Lower Branch
-445.8917835671341,-1.344446036995981,Lower Branch
-435.8717434869741,-1.343432087014552,Lower Branch
-425.8517034068136,-1.3424171401370697,Lower Branch
-415.83166332665314,-1.3414011131833798,Lower Branch
-405.8116232464931,-1.3403839160347966,Lower Branch
-395.79158316633266,-1.3393654510556554,Lower Branch
-385.7715430861722,-1.3383456124667084,Lower Branch
-375.7515030060122,-1.3373242856663479,Lower Branch
-365.7314629258517,-1.3363013464953424,Lower Branch
-355.71142284569123,-1.3352766604403843,Lower Branch
-345.6913827655312,-1.3342500817713818,Lower Branch
-335.67134268537075,-1.3332214526070012,Lower Branch
-325.6513026052103,-1.332190601902514,Lower Branch
-315.63126252505026,-1.3311573443535172,Lower Branch
-305.6112224448898,-1.3301214792085627,Lower Branch
-295.5911823647293,-1.3290827889831698,Lower Branch
-285.5711422845693,-1.3280410380670673,Lower Branch
-275.55110220440883,-1.3269959712158546,Lower Branch
-265.53106212424836,-1.3259473119175496,Lower Branch
-255.51102204408835,-1.3248947606237158,Lower Branch
-245.49098196392788,-1.3238379928340245,Lower Branch
-235.4709418837674,-1.3227766570221988,Lower Branch
-225.45090180360694,-1.32171037239033,Lower Branch
-215.43086172344692,-1.3206387264374835,Lower Branch
-205.41082164328645,-1.3195612723274028,Lower Branch
-195.39078156312598,-1.3184775260388917,Lower Branch
-185.37074148296597,-1.3173869632811457,Lower Branch
-175.3507014028055,-1.316289016154901,Lower Branch
-165.33066132264503,-1.315183069538752,Lower Branch
-155.310621242485,-1.3140684571783618,Lower Branch
-145.29058116232454,-1.3129444574545481,Lower Branch
-135.27054108216407,-1.3118102888043595,Lower Branch
-125.25050100200406,-1.3106651047672444,Lower Branch
-115.23046092184359,-1.3095079886262873,Lower Branch
-105.21042084168312,-1.3083379476121806,Lower Branch
-95.1903807615231,-1.3071539066351712,Lower Branch
-85.17034068136263,-1.3059547015076032,Lower Branch
-75.15030060120216,-1.3047390716169212,Lower Branch
-65.13026052104215,-1.3035056520060453,Lower Branch
-55.110220440881676,-1.3022529648149148,Lower Branch
-45.090180360721206,-1.3009794100337078,Lower Branch
-35.07014028056119,-1.2996832555147544,Lower Branch
-25.05010020040072,-1.29836262618652,Lower Branch
-15.03006012024025,-1.2970154924091963,Lower Branch
-5.010020040080235,-1.2956396574074462,Lower Branch
5.010020040080235,-1.2942327437116934,Lower Branch
15.030060120240705,-1.292792178535053,Lower Branch
25.05010020040072,-1.2913151780085974,Lower Branch
35.07014028056119,-1.2897987301931464,Lower Branch
45.09018036072166,-1.2882395767812307,Lower Branch
55.110220440881676,-1.2866341933983376,Lower Branch
65.13026052104215,-1.2849787684080705,Lower Branch
75.15030060120262,-1.2832691801215068,Lower Branch
85.17034068136263,-1.2815009723069533,Lower Branch
95.1903807615231,-1.2796693278925297,Lower Branch
105.21042084168357,-1.277769040750767,Lower Branch
115.23046092184359,-1.275794485451779,Lower Branch
125.25050100200406,-1.2737395848698354,Lower Branch
135.27054108216453,-1.2715977755274823,Lower Branch
145.29058116232454,-1.269361970562081,Lower Branch
155.310621242485,-1.2670245202020198,Lower Branch
165.33066132264548,-1.2645771696443486,Lower Branch
175.3507014028055,-1.26201101423258,Lower Branch
185.37074148296597,-1.2593164518434516,Lower Branch
195.39078156312644,-1.2564831324051147,Lower Branch
205.41082164328645,-1.2534999044872146,Lower Branch
215.43086172344692,-1.2503547589264092,Lower Branch
225.4509018036074,-1.2470347694799468,Lower Branch
235.4709418837674,-1.2435260305359512,Lower Branch
245.49098196392788,-1.2398135919531845,Lower Branch
255.51102204408835,-1.2358813911565107,Lower Branch
265.53106212424836,-1.231712182678389,Lower Branch
275.55110220440883,-1.2272874654130341,Lower Branch
285.5711422845693,-1.2225874079399204,Lower Branch
295.5911823647293,-1.2175907723788153,Lower Branch
305.6112224448898,-1.2122748373612642,Lower Branch
315.63126252505026,-1.206615320845181,Lower Branch
325.6513026052103,-1.2005863036617461,Lower Branch
335.67134268537075,-1.1941601548688112,Lower Branch
345.6913827655312,-1.1873074601939775,Lower Branch
355.71142284569123,-1.1799969550845557,Lower Branch
365.7314629258517,-1.1721954641414698,Lower Branch
375.7515030060122,-1.1638678489997831,Lower Branch
385.77154308617264,-1.1549769670289611,Lower Branch
395.79158316633266,-1.145483643559172,Lower Branch
405.8116232464931,-1.1353466606921054,Lower Branch
415.8316633266536,-1.124522766120438,Lower Branch
425.8517034068136,-1.1129667057512183,Lower Branch
435.8717434869741,-1.1006312842944088,Lower Branch
445.89178356713455,-1.0874674583246584,Lower Branch
455.91182364729457,-1.073424466634416,Lower Branch
465.93186372745504,-1.058450002948126,Lower Branch
475.9519038076155,-1.0424904362343475,Lower Branch
485.9719438877755,-1.0254910839047544,Lower Branch
495.991983967936,-1.0073965430913607,Lower Branch
506.01202404809646,-0.9881510849073447,Lower Branch
516.0320641282565,-0.967699116081122,Lower Branch
526.052104208417,-0.945985711565222,Lower Branch
536.0721442885774,-0.9229572206191822,Lower Branch
546.0921843687374,-0.89856194741122,Lower Branch
556.1122244488979,-0.8727509053466083,Lower Branch
566.1322645290584,-0.8454786420932909,Lower Branch
576.1523046092184,-0.8167041296364649,Lower Branch
586.1723446893789,-0.7863917106757371,Lower Branch
596.1923847695393,-0.7545120893314871,Lower Branch
606.2124248496993,-0.7210433505351856,Lower Branch
616.2324649298598,-0.6859719887631043,Lower Branch
626.2525050100203,-0.6492939230944292,Lower Branch
636.2725450901803,-0.6110154721315171,Lower Branch
646.2925851703408,-0.5711542593432317,Lower Branch
656.3126252505012,-0.5297400171363658,Lower Branch
666.3326653306613,-0.4868152566886417,Lower Branch
676.3527054108217,-0.4424357705433878,Lower Branch
686.3727454909822,-0.3966709363912644,Lower Branch
696.3927855711422,-0.34960379351092113,Lower Branch
706.4128256513027,-0.30133086808773213,Lower Branch
716.4328657314632,-0.2519617300513337,Lower Branch
726.4529058116232,-0.20161827202063348,Lower Branch
736.4729458917836,-0.1504337101428449,Lower Branch
746.4929859719441,-0.09855131666055394,Lower Branch
756.5130260521041,-0.04612290443216696,Lower Branch
766.5330661322646,0.0066929062132569245,Lower Branch
776.5531062124251,0.05973259859742151,Lower Branch
786.5731462925851,0.1128298012331912,Lower Branch
796.5931863727455,0.16581740632187603,Lower Branch
806.613226452906,0.2185297082077908,Lower Branch
816.633266533066,0.27080450386682803,Lower Branch
826.6533066132265,0.32248509926073055,Lower Branch
836.673346693387,0.3734221696993325,Lower Branch
846.693386773547,0.4234754289202028,Lower Branch
856.7134268537075,0.4725150699728597,Lower Branch
866.7334669338679,0.5204229506329813,Lower Branch
876.753507014028,0.5670935063663405,Lower Branch
886.7735470941884,0.612434384205718,Lower Branch
896.7935871743489,0.6563668007362476,Lower Branch
906.8136272545089,0.6988256362299725,Lower Branch
916.8336673346694,0.739759284465719,Lower Branch
926.8537074148298,0.7791292836795104,Lower Branch
936.8737474949899,0.8169097583048706,Lower Branch
946.8937875751503,0.8530867036901343,Lower Branch
956.9138276553108,0.8876571469293499,Lower Branch
966.9338677354708,0.9206282164979847,Lower Branch
976.9539078156313,0.9520161517778724,Lower Branch
986.9739478957918,0.981845281046788,Lower Branch
996.9939879759518,1.010146993359256,Lower Branch
1007.0140280561122,1.0369587262051354,Lower Branch
1017.0340681362727,1.0623229871230135,Lower Branch
1027.0541082164327,1.0862864237532799,Lower Branch
1037.0741482965932,1.1088989532890625,Lower Branch
1047.0941883767537,1.130212959031467,Lower Branch
1057.1142284569141,1.150282558851832,Lower Branch
1067.1342685370741,1.1691629478489476,Lower Branch
1077.1543086172346,1.1869098153778006,Lower Branch
1087.174348697395,1.203578834911456,Lower Branch
1097.194388777555,1.2192252238568306,Lower Branch
1107.2144288577156,1.2339033694450996,Lower Branch
1117.234468937876,1.2476665161189413,Lower Branch
1127.254509018036,1.2605665093993652,Lower Branch
1137.2745490981965,1.272653590991989,Lower Branch
1147.294589178357,1.2839762398456909,Lower Branch
1157.314629258517,1.2945810539681282,Lower Branch
1167.3346693386775,1.3045126679991206,Lower Branch
1177.354709418838,1.3138137018153493,Lower Branch
1187.374749498998,1.3225247357634708,Lower Branch
1197.3947895791584,1.3306843084732638,Lower Branch
1207.414829659319,1.3383289335713253,Lower Branch
1217.434869739479,1.3454931319862993,Lower Branch
1227.4549098196394,1.352209476898777,Lower Branch
1237.4749498997999,1.358508648735773,Lower Branch
1247.4949899799599,1.3644194979360817,Lower Branch
1257.5150300601204,1.3699691135156844,Lower Branch
1267.5350701402808,1.3751828957399939,Lower Branch
1277.5551102204408,1.380084631461505,Lower Branch
1287.5751503006013,1.3846965709075196,Lower Branch
1297.5951903807618,1.389039504903984,Lower Branch
1307.6152304609218,1.3931328416992779,Lower Branch
1317.6352705410823,1.3969946827076754,Lower Branch
1327.6553106212427,1.4006418966278043,Lower Branch
1337.6753507014027,1.4040901915086028,Lower Branch
1347.6953907815632,1.4073541844357662,Lower Branch
1357.7154308617237,1.410447468597254,Lower Branch
1367.7354709418837,1.4133826775587615,Lower Branch
1377.7555110220442,1.416171546640697,Lower Branch
1387.7755511022046,1.4188249713385914,Lower Branch
1397.7955911823647,1.4213530627703503,Lower Branch
1407.8156312625251,1.4237652001674996,Lower Branch
1417.8356713426856,1.4260700804546724,Lower Branch
1427.8557114228456,1.4282757649830018,Lower Branch
1437.875751503006,1.430389723499645,Lower Branch
1447.8957915831666,1.4324188754481388,Lower Branch
1457.9158316633266,1.4343696287033345,Lower Branch
1467.935871743487,1.4362479158508012,Lower Branch
1477.9559118236475,1.4380592281244005,Lower Branch
1487.9759519038075,1.439808647117547,Lower Branch
1497.995991983968,1.441500874383932,Lower Branch
1508.0160320641285,1.4431402590424482,Lower Branch
1518.0360721442885,1.4447308234990157,Lower Branch
1528.056112224449,1.4462762873951729,Lower Branch
1538.0761523046094,1.4477800898898736,Lower Branch
1548.0961923847694,1.4492454103770498,Lower Branch
1558.11623246493,1.4506751877373107,Lower Branch
1568.1362725450904,1.4520721382177724,Lower Branch
1578.1563126252504,1.4534387720294877,Lower Branch
1588.1763527054109,1.4547774087474161,Lower Branch
1598.1963927855713,1.4560901915933215,Lower Branch
1608.2164328657318,1.457379100677529,Lower Branch
1618.2364729458923,1.4586459652710875,Lower Branch
1628.2565130260518,1.4598924751756315,Lower Branch
1638.2765531062123,1.4611201912541394,Lower Branch
1648.2965931863728,1.4623305551818284,Lower Branch
1658.3166332665332,1.4635248984726603,Lower Branch
1668.3366733466937,1.4647044508333265,Lower Branch
1678.3567134268542,1.465870347893166,Lower Branch
1688.3767535070137,1.4670236383552213,Lower Branch
1698.3967935871742,1.4681652906105875,Lower Branch
1708.4168336673347,1.4692961988553088,Lower Branch
1718.4368737474952,1.4704171887463653,Lower Branch
1728.4569138276556,1.4715290226307403,Lower Branch
1738.476953907816,1.4726324043791583,Lower Branch
1748.4969939879757,1.4737279838538475,Lower Branch
1758.5170340681361,1.4748163610375729,Lower Branch
1768.5370741482966,1.4758980898492355,Lower Branch
1778.557114228457,1.476973681669495,Lower Branch
1788.5771543086175,1.4780436085981743,Lower Branch
1798.597194388778,1.4791083064636046,Lower Branch
1808.6172344689376,1.4801681776026014,Lower Branch
1818.637274549098,1.4812235934283744,Lower Branch
1828.6573146292585,1.4822748968024049,Lower Branch
1838.677354709419,1.483322404225121,Lower Branch
1848.6973947895794,1.484366407859115,Lower Branch
1858.71743486974,1.4854071773976023,Lower Branch
1868.7374749498995,1.4864449617898903,Lower Branch
1878.75751503006,1.4874799908347236,Lower Branch
1888.7775551102204,1.4885124766515743,Lower Branch
1898.797595190381,1.4895426150391746,Lower Branch
1908.8176352705414,1.4905705867298906,Lower Branch
1918.8376753507018,1.4915965585478916,Lower Branch
1928.8577154308614,1.4926206844784606,Lower Branch
1938.8777555110219,1.493643106655241,Lower Branch
1948.8977955911823,1.494663956271691,Lower Branch
1958.9178356713428,1.4956833544225505,Lower Branch
1968.9378757515033,1.496701412880677,Lower Branch
1978.9579158316637,1.4977182348142004,Lower Branch
1988.9779559118233,1.4987339154485726,Lower Branch
1998.9979959919838,1.4997485426777322,Lower Branch
2009.0180360721442,1.5007621976282923,Lower Branch
2019.0380761523047,1.5017749551803525,Lower Branch
2029.0581162324652,1.5027868844482613,Lower Branch
2039.0781563126257,1.5037980492244094,Lower Branch
2049.098196392786,1.504808508388887,Lower Branch
2059.1182364729457,1.5058183162876295,Lower Branch
2069.138276553106,1.506827523081474,Lower Branch
2079.1583166332666,1.5078361750683564,Lower Branch
2089.178356713427,1.5088443149807187,Lower Branch
2099.1983967935876,1.5098519822600296,Lower Branch
2109.218436873748,1.5108592133101801,Lower Branch
2119.2384769539076,1.5118660417313734,Lower Branch
2129.258517034068,1.5128724985360134,Lower Branch
2139.2785571142285,1.5138786123479784,Lower Branch
2149.298597194389,1.5148844095865501,Lower Branch
2159.3186372745495,1.5158899146361875,Lower Branch
2169.33867735471,1.5168951500032273,Lower Branch
2179.3587174348695,1.5179001364605216,Lower Branch
2189.37875751503,1.51890489318094,Lower Branch
2199.3987975951904,1.51990943786059,Lower Branch
2209.418837675351,1.520913786832553,Lower Branch
2219.4388777555114,1.5219179551718598,Lower Branch
2229.458917835672,1.5229219567923835,Lower Branch
2239.4789579158314,1.5239258045362707,Lower Branch
2249.498997995992,1.5249295102564875,Lower Branch
2259.5190380761524,1.5259330848930057,Lower Branch
2269.539078156313,1.5269365385431242,Lower Branch
2279.5591182364733,1.527939880526374,Lower Branch
2289.5791583166338,1.528943119444424,Lower Branch
2299.5991983967933,1.5299462632363745,Lower Branch
2309.619238476954,1.53094931922979,Lower Branch
2319.6392785571143,1.5319522941878045,Lower Branch
2329.6593186372747,1.5329551943525952,Lower Branch
2339.679358717435,1.5339580254855114,Lower Branch
2349.6993987975957,1.53496079290411,Lower Branch
2359.7194388777552,1.5359635015163402,Lower Branch
2369.7394789579157,1.5369661558520937,Lower Branch
2379.759519038076,1.537968760092326,Lower Branch
2389.7795591182366,1.5389713180959346,Lower Branch
2399.799599198397,1.5399738334245656,Lower Branch
2409.8196392785576,1.540976309365511,Lower Branch
2419.839679358717,1.5419787489528431,Lower Branch
2429.8597194388776,1.5429811549869172,Lower Branch
2439.879759519038,1.5439835300523765,Lower Branch
2449.8997995991986,1.5449858765347675,Lower Branch
2459.919839679359,1.5459881966358773,Lower Branch
2469.9398797595195,1.546990492387887,Lower Branch
2479.959919839679,1.5479927656664374,Lower Branch
2489.9799599198395,1.5489950182026877,Lower Branch
2500.0,1.5499972515944433,Lower Branch
